{"cameraMode":{"drawMode":0,"name":"Shaded","section":"Shading Mode"},"sceneLighting":false,"audioPlay":false,"sceneViewState":{"m_AlwaysRefresh":false,"showFog":true,"showSkybox":true,"showFlares":true,"showImageEffects":true,"showParticleSystems":true,"showVisualEffectGraphs":true,"m_FxEnabled":true},"in2DMode":false,"pivot":{"x":616.8228759765625,"y":219.8128662109375,"z":-193.3885040283203},"rotation":{"x":-0.05572640523314476,"y":0.04401445388793945,"z":-0.002458945382386446,"w":-0.9974727034568787},"size":103.07764434814453,"orthographic":false}